{
  "Id" : 1,
  "Name" : "Mediamarkt Krems bei Mariandl",
  "Longitude" : 48.41620875079976,
  "Latitude" : 15.622874819755818
}